[
	{
		"pkg": "@aashu-dubey/capacitor-statusbar-safe-area",
		"classpath": "dev.ashu.capacitor.statusbar.safearea.SafeAreaPlugin"
	},
	{
		"pkg": "@byteowls/capacitor-oauth2",
		"classpath": "com.byteowls.capacitor.oauth2.OAuth2ClientPlugin"
	},
	{
		"pkg": "@capacitor-community/apple-sign-in",
		"classpath": "com.getcapacitor.community.applesignin.SignInWithApple"
	},
	{
		"pkg": "@capacitor-community/media",
		"classpath": "com.getcapacitor.community.media.MediaPlugin"
	},
	{
		"pkg": "@capacitor/app",
		"classpath": "com.capacitorjs.plugins.app.AppPlugin"
	},
	{
		"pkg": "@capacitor/device",
		"classpath": "com.capacitorjs.plugins.device.DevicePlugin"
	},
	{
		"pkg": "@capacitor/filesystem",
		"classpath": "com.capacitorjs.plugins.filesystem.FilesystemPlugin"
	},
	{
		"pkg": "@capacitor/haptics",
		"classpath": "com.capacitorjs.plugins.haptics.HapticsPlugin"
	},
	{
		"pkg": "@capacitor/keyboard",
		"classpath": "com.capacitorjs.plugins.keyboard.KeyboardPlugin"
	},
	{
		"pkg": "@capacitor/status-bar",
		"classpath": "com.capacitorjs.plugins.statusbar.StatusBarPlugin"
	},
	{
		"pkg": "@chub-ai/capacitor-self-updater",
		"classpath": "ai.chub.plugins.updater.SelfUpdaterPlugin"
	},
	{
		"pkg": "@codetrix-studio/capacitor-google-auth",
		"classpath": "com.codetrixstudio.capacitor.GoogleAuth.GoogleAuth"
	},
	{
		"pkg": "capacitor-subscriptions",
		"classpath": "com.capicitor_subscriptions.capacitor.SubscriptionsPlugin"
	},
	{
		"pkg": "capacitor-voice-recorder",
		"classpath": "com.tchvu3.capacitorvoicerecorder.VoiceRecorder"
	}
]
